Date,Close
10/9/2018 23:58:00,6589.48
10/10/2018 23:58:00,6524.56
10/11/2018 23:58:00,6154.69
10/12/2018 23:58:00,6188.01
10/13/2018 23:58:00,6196
10/14/2018 23:58:00,6183.49
10/15/2018 23:58:00,6440.42
10/16/2018 23:58:00,6457.11
10/17/2018 23:58:00,6443.7
10/18/2018 23:58:00,6394.96
10/19/2018 23:58:00,6382.99
10/20/2018 23:58:00,6414
10/21/2018 23:58:00,6415.88
10/22/2018 23:58:00,6407.65
10/23/2018 23:58:00,6395.14
10/24/2018 23:58:00,6415.98
10/25/2018 23:58:00,6395.58
10/26/2018 23:58:00,6404.87
10/27/2018 23:58:00,6409.12
10/28/2018 23:58:00,6403.62
10/29/2018 23:58:00,6266
10/30/2018 23:58:00,6267.63
10/31/2018 23:58:00,6304.18
11/1/2018 23:58:00,6344
11/2/2018 23:58:00,6349.8
11/3/2018 23:58:00,6331.96
11/4/2018 23:58:00,6423.28
11/5/2018 23:58:00,6404
11/6/2018 23:58:00,6448.5
11/7/2018 23:58:00,6503.12
11/8/2018 23:58:00,6406.24
11/9/2018 23:58:00,6334.89
11/10/2018 23:58:00,6347.42
11/11/2018 23:58:00,6357.6
11/12/2018 23:58:00,6327.87
11/13/2018 23:58:00,6259.34
11/14/2018 23:58:00,5605.46
11/15/2018 23:58:00,5579.52
11/16/2018 23:58:00,5512.24
11/17/2018 23:58:00,5504.17
11/18/2018 23:58:00,5560
11/19/2018 23:58:00,4733.5
11/20/2018 23:58:00,4349.23
11/21/2018 23:58:00,4545.11
11/22/2018 23:58:00,4265.36
11/23/2018 23:58:00,4283.8
11/24/2018 23:58:00,3774.99
11/25/2018 23:58:00,3936.69
11/26/2018 23:58:00,3731.32
11/27/2018 23:58:00,3775
11/28/2018 23:58:00,4225.03
11/29/2018 23:58:00,4248
11/30/2018 23:58:00,3976
12/1/2018 23:58:00,4142.01
12/2/2018 23:58:00,4103.19
12/3/2018 23:58:00,3833.47
12/4/2018 23:58:00,3901.84
12/5/2018 23:58:00,3694.39
12/6/2018 23:58:00,3433.26
12/7/2018 23:58:00,3380.01
12/8/2018 23:58:00,3401
12/9/2018 23:58:00,3531.18
12/10/2018 23:58:00,3410.15
12/11/2018 23:58:00,3349.36
12/12/2018 23:58:00,3430.24
12/13/2018 23:58:00,3265
12/14/2018 23:58:00,3195.71
12/15/2018 23:58:00,3183
12/16/2018 23:58:00,3195
12/17/2018 23:58:00,3496.82
12/18/2018 23:58:00,3667.77
12/19/2018 23:58:00,3682.51
12/20/2018 23:58:00,4075.34
12/21/2018 23:58:00,3839.06
12/22/2018 23:58:00,3980.46
12/23/2018 23:58:00,3944.93
12/24/2018 23:58:00,4034
12/25/2018 23:58:00,3780
12/26/2018 23:58:00,3809.88
12/27/2018 23:58:00,3589.89
12/28/2018 23:58:00,3888.06
12/29/2018 23:58:00,3729.31
12/30/2018 23:58:00,3829
12/31/2018 23:58:00,3691.86
1/1/2019 23:58:00,3826.1
1/2/2019 23:58:00,3890.79
1/3/2019 23:58:00,3787.57
1/4/2019 23:58:00,3820.25
1/5/2019 23:58:00,3798.62
1/6/2019 23:58:00,4040.99
1/7/2019 23:58:00,4006.01
1/8/2019 23:58:00,3993.86
1/9/2019 23:58:00,4004.12
1/10/2019 23:58:00,3626.12
1/11/2019 23:58:00,3635.69
1/12/2019 23:58:00,3619.41
1/13/2019 23:58:00,3514.24
1/14/2019 23:58:00,3664.19
1/15/2019 23:58:00,3580.76
1/16/2019 23:58:00,3609.71
1/17/2019 23:58:00,3640.65
1/18/2019 23:58:00,3607.85
1/19/2019 23:58:00,3682.65
1/20/2019 23:58:00,3536.19
1/21/2019 23:58:00,3531.76
1/22/2019 23:58:00,3577.03
1/23/2019 23:58:00,3553.01
1/24/2019 23:58:00,3568.97
1/25/2019 23:58:00,3562.17
1/26/2019 23:58:00,3556.07
1/27/2019 23:58:00,3531.02
1/28/2019 23:58:00,3429.95
1/29/2019 23:58:00,3397.42
1/30/2019 23:58:00,3437.55
1/31/2019 23:58:00,3411.5
2/1/2019 23:58:00,3437.5
2/2/2019 23:58:00,3468.43
2/3/2019 23:58:00,3414.78
2/4/2019 23:58:00,3409.57
2/5/2019 23:58:00,3428.4
2/6/2019 23:58:00,3367.36
2/7/2019 23:58:00,3359
2/8/2019 23:58:00,3621.99
2/9/2019 23:58:00,3623.73
2/10/2019 23:58:00,3648.84
2/11/2019 23:58:00,3590.36
2/12/2019 23:58:00,3588.06
2/13/2019 23:58:00,3576.68
2/14/2019 23:58:00,3561.5
2/15/2019 23:58:00,3566.59
2/16/2019 23:58:00,3582.37
2/17/2019 23:58:00,3625.08
2/18/2019 23:58:00,3867
2/19/2019 23:58:00,3888.01
2/20/2019 23:58:00,3938.99
2/21/2019 23:58:00,3897.71
2/22/2019 23:58:00,3942.02
2/23/2019 23:58:00,4110
2/24/2019 23:58:00,3734.22
2/25/2019 23:58:00,3818.79
2/26/2019 23:58:00,3799.48
2/27/2019 23:58:00,3799.91
2/28/2019 23:58:00,3792.14
3/1/2019 23:58:00,3806.17
3/2/2019 23:58:00,3809.7
3/3/2019 23:58:00,3786.93
3/4/2019 23:58:00,3700.72
3/5/2019 23:58:00,3844.59
3/6/2019 23:58:00,3851.89
3/7/2019 23:58:00,3857.05
3/8/2019 23:58:00,3843.12
3/9/2019 23:58:00,3917
3/10/2019 23:58:00,3900.92
3/11/2019 23:58:00,3849.68
3/12/2019 23:58:00,3860
3/13/2019 23:58:00,3851.02
3/14/2019 23:58:00,3853.95
3/15/2019 23:58:00,3902.8
3/16/2019 23:58:00,3990
3/17/2019 23:58:00,3967.01
3/18/2019 23:58:00,3970.5
3/19/2019 23:58:00,4000.85
3/20/2019 23:58:00,4033
3/21/2019 23:58:00,3972.76
3/22/2019 23:58:00,3983.78
3/23/2019 23:58:00,3983.43
3/24/2019 23:58:00,3969.52
3/25/2019 23:58:00,3908.01
3/26/2019 23:58:00,3922.42
3/27/2019 23:58:00,4026.53
3/28/2019 23:58:00,4011.17
3/29/2019 23:58:00,4091.01
3/30/2019 23:58:00,4094.14
3/31/2019 23:58:00,4095
4/1/2019 23:58:00,4137.01
4/2/2019 23:58:00,4901.93
4/3/2019 23:58:00,4975.07
4/4/2019 23:58:00,4906.49
4/5/2019 23:58:00,5040.66
4/6/2019 23:58:00,5049.22
4/7/2019 23:58:00,5190.2
4/8/2019 23:58:00,5285.54
4/9/2019 23:58:00,5193.49
4/10/2019 23:58:00,5320.81
4/11/2019 23:58:00,5041.32
4/12/2019 23:58:00,5078.18
4/13/2019 23:58:00,5066.22
4/14/2019 23:58:00,5164
4/15/2019 23:58:00,5029.99
4/16/2019 23:58:00,5204.92
4/17/2019 23:58:00,5227
4/18/2019 23:58:00,5282.32
4/19/2019 23:58:00,5290.36
4/20/2019 23:58:00,5319.89
4/21/2019 23:58:00,5297.64
4/22/2019 23:58:00,5387.6
4/23/2019 23:58:00,5532.85
4/24/2019 23:58:00,5443.14
4/25/2019 23:58:00,5125.3
4/26/2019 23:58:00,5159.51
4/27/2019 23:58:00,5170.6
4/28/2019 23:58:00,5155
4/29/2019 23:58:00,5148.25
4/30/2019 23:58:00,5267.43
5/1/2019 23:58:00,5321.15
5/2/2019 23:58:00,5390.01
5/3/2019 23:58:00,5657.4
5/4/2019 23:58:00,5770.01
5/5/2019 23:58:00,5715.86
5/6/2019 23:58:00,5687.9
5/7/2019 23:58:00,5743.3
5/8/2019 23:58:00,5943.6
5/9/2019 23:58:00,6153.09
5/10/2019 23:58:00,6343.14
5/11/2019 23:58:00,7223.21
5/12/2019 23:58:00,6979.76
5/13/2019 23:58:00,7825.41
5/14/2019 23:58:00,7990.92
5/15/2019 23:58:00,8204.24
5/16/2019 23:58:00,7878.96
5/17/2019 23:58:00,7361.1
5/18/2019 23:58:00,7262.4
5/19/2019 23:58:00,8196.59
5/20/2019 23:58:00,7999.54
5/21/2019 23:58:00,7951.7
5/22/2019 23:58:00,7626.48
5/23/2019 23:58:00,7881.98
5/24/2019 23:58:00,8002.21
5/25/2019 23:58:00,8063.81
5/26/2019 23:58:00,8731.96
5/27/2019 23:58:00,8768.62
5/28/2019 23:58:00,8715.36
5/29/2019 23:58:00,8662.44
5/30/2019 23:58:00,8279.69
5/31/2019 23:58:00,8566.04
6/1/2019 23:58:00,8558.95
6/2/2019 23:58:00,8736.54
6/3/2019 23:58:00,8107.96
6/4/2019 23:58:00,7670.96
6/5/2019 23:58:00,7789.48
6/6/2019 23:58:00,7802.57
6/7/2019 23:58:00,7998.13
6/8/2019 23:58:00,7930.14
6/9/2019 23:58:00,7635.06
6/10/2019 23:58:00,8015.69
6/11/2019 23:58:00,7918.17
6/12/2019 23:58:00,8176.02
6/13/2019 23:58:00,8239.04
6/14/2019 23:58:00,8697.45
6/15/2019 23:58:00,8860.23
6/16/2019 23:58:00,8978.66
6/17/2019 23:58:00,9331.75
6/18/2019 23:58:00,9071.95
6/19/2019 23:58:00,9277.29
6/20/2019 23:58:00,9531.21
6/21/2019 23:58:00,10220
6/22/2019 23:58:00,10666.8
6/23/2019 23:58:00,10833
6/24/2019 23:58:00,11032.3
6/25/2019 23:58:00,11755.5
6/26/2019 23:58:00,12927.4
6/27/2019 23:58:00,11159.2
6/28/2019 23:58:00,12360.4
6/29/2019 23:58:00,11865.2
6/30/2019 23:58:00,10760.1
7/1/2019 23:58:00,10577.6
7/2/2019 23:58:00,10829.1
7/3/2019 23:58:00,11976
7/4/2019 23:58:00,11137.8
7/5/2019 23:58:00,11004.5
7/6/2019 23:58:00,11237.7
7/7/2019 23:58:00,11474.4
7/8/2019 23:58:00,12293.5
7/9/2019 23:58:00,12561
7/10/2019 23:58:00,12097.9
7/11/2019 23:58:00,11349
7/12/2019 23:58:00,11802
7/13/2019 23:58:00,11370.1
7/14/2019 23:58:00,10195.6
7/15/2019 23:58:00,10854.4
7/16/2019 23:58:00,9422.71
7/17/2019 23:58:00,9696.31
7/18/2019 23:58:00,10651.4
7/19/2019 23:58:00,10518.5
7/20/2019 23:58:00,10761
7/21/2019 23:58:00,10590.7
7/22/2019 23:58:00,10323.3
7/23/2019 23:58:00,9840.12
7/24/2019 23:58:00,9767.87
7/25/2019 23:58:00,9883.34
7/26/2019 23:58:00,9843
7/27/2019 23:58:00,9479.98
7/28/2019 23:58:00,9532.99
7/29/2019 23:58:00,9495
7/30/2019 23:58:00,9589.01
7/31/2019 23:58:00,10086.3
8/1/2019 23:58:00,10405.9
8/2/2019 23:58:00,10533
8/3/2019 23:58:00,10820.7
8/4/2019 23:58:00,10977.5
8/5/2019 23:58:00,11819.4
8/6/2019 23:58:00,11465.4
8/7/2019 23:58:00,11983.7
8/8/2019 23:58:00,11982.4
8/9/2019 23:58:00,11856.1
8/10/2019 23:58:00,11280.9
8/11/2019 23:58:00,11540.7
8/12/2019 23:58:00,11389.3
8/13/2019 23:58:00,10868.5
8/14/2019 23:58:00,9971.71
8/15/2019 23:58:00,10300
8/16/2019 23:58:00,10352.7
8/17/2019 23:58:00,10215.2
8/18/2019 23:58:00,10315.4
8/19/2019 23:58:00,10920
8/20/2019 23:58:00,10769
8/21/2019 23:58:00,10130
8/22/2019 23:58:00,10107.1
8/23/2019 23:58:00,10410.8
8/24/2019 23:58:00,10147.9
8/25/2019 23:58:00,10140.9
8/26/2019 23:58:00,10361.6
8/27/2019 23:58:00,10171.8
8/28/2019 23:58:00,9714.31
8/29/2019 23:58:00,9495
8/30/2019 23:58:00,9582.42
8/31/2019 23:58:00,9600.86
9/1/2019 23:58:00,9766.52
9/2/2019 23:58:00,10381.2
9/3/2019 23:58:00,10628.4
9/4/2019 23:58:00,10582.2
9/5/2019 23:58:00,10574.7
9/6/2019 23:58:00,10306.9
9/7/2019 23:58:00,10484.3
9/8/2019 23:58:00,10398.9
9/9/2019 23:58:00,10310
9/10/2019 23:58:00,10084.1
9/11/2019 23:58:00,10160.2
9/12/2019 23:58:00,10423.7
9/13/2019 23:58:00,10367.4
9/14/2019 23:58:00,10360.2
9/15/2019 23:58:00,10304.4
9/16/2019 23:58:00,10262.5
9/17/2019 23:58:00,10185.3
9/18/2019 23:58:00,10155.2
9/19/2019 23:58:00,10287.7
9/20/2019 23:58:00,10168.8
9/21/2019 23:58:00,9975.12
9/22/2019 23:58:00,10026.8
9/23/2019 23:58:00,9693.75
9/24/2019 23:58:00,8530.01
9/25/2019 23:58:00,8438.35
9/26/2019 23:58:00,8068.2
9/27/2019 23:58:00,8193.99
9/28/2019 23:58:00,8217.46
9/29/2019 23:58:00,8052.4
9/30/2019 23:58:00,8304.95
10/1/2019 23:58:00,8322.73
10/2/2019 23:58:00,8381.71
10/3/2019 23:58:00,8240.41
10/4/2019 23:58:00,8156.67
10/5/2019 23:58:00,8147.63
10/6/2019 23:58:00,7859.79
10/7/2019 23:58:00,8209
10/8/2019 23:58:00,8180
10/9/2019 23:58:00,8590.01
10/10/2019 23:58:00,8587.5
10/11/2019 23:58:00,8267.33
10/12/2019 23:58:00,8309.03
10/13/2019 23:58:00,8282.96
10/14/2019 23:58:00,8355
10/15/2019 23:58:00,8162.44
10/16/2019 23:58:00,7993.54
10/17/2019 23:58:00,8076.2
10/18/2019 23:58:00,7954.16
10/19/2019 23:58:00,7965.28
10/20/2019 23:58:00,8236.04
10/21/2019 23:58:00,8209.92
10/22/2019 23:58:00,8024.72
10/23/2019 23:58:00,7474.85
10/24/2019 23:58:00,7430.87
10/25/2019 23:58:00,8668
10/26/2019 23:58:00,9259.78
10/27/2019 23:58:00,9548.84
10/28/2019 23:58:00,9219.94
10/29/2019 23:58:00,9430.79
10/30/2019 23:58:00,9164.45
10/31/2019 23:58:00,9159.48
11/1/2019 23:58:00,9253.12
11/2/2019 23:58:00,9308.51
11/3/2019 23:58:00,9206.52
11/4/2019 23:58:00,9412.53
11/5/2019 23:58:00,9309
11/6/2019 23:58:00,9341.27
11/7/2019 23:58:00,9205.76
11/8/2019 23:58:00,8763.01
11/9/2019 23:58:00,8810.76
11/10/2019 23:58:00,9038.2
11/11/2019 23:58:00,8721.54
11/12/2019 23:58:00,8795.77
11/13/2019 23:58:00,8758.34
11/14/2019 23:58:00,8635.01
11/15/2019 23:58:00,8457.48
11/16/2019 23:58:00,8480.79
11/17/2019 23:58:00,8500.01
11/18/2019 23:58:00,8168.84
11/19/2019 23:58:00,8123.36
11/20/2019 23:58:00,8082.96
11/21/2019 23:58:00,7616.46
11/22/2019 23:58:00,7298.18
11/23/2019 23:58:00,7330.98
11/24/2019 23:58:00,6908.64
11/25/2019 23:58:00,7127.01
11/26/2019 23:58:00,7172.15
11/27/2019 23:58:00,7523.72
11/28/2019 23:58:00,7432.12
11/29/2019 23:58:00,7760
11/30/2019 23:58:00,7551.99
12/1/2019 23:58:00,7404.27
12/2/2019 23:58:00,7305
12/3/2019 23:58:00,7298.2
12/4/2019 23:58:00,7213.61
12/5/2019 23:58:00,7394.99
12/6/2019 23:58:00,7540.87
12/7/2019 23:58:00,7500.03
12/8/2019 23:58:00,7529.21
12/9/2019 23:58:00,7341.49
12/10/2019 23:58:00,7226.98
12/11/2019 23:58:00,7194.13
12/12/2019 23:58:00,7189.41
12/13/2019 23:58:00,7248.23
12/14/2019 23:58:00,7071.01
12/15/2019 23:58:00,7112.63
12/16/2019 23:58:00,6884.75
12/17/2019 23:58:00,6615.8
12/18/2019 23:58:00,7294.81
12/19/2019 23:58:00,7150.01
12/20/2019 23:58:00,7182.77
12/21/2019 23:58:00,7143.01
12/22/2019 23:58:00,7515.3
12/23/2019 23:58:00,7323.21
12/24/2019 23:58:00,7232.76
12/25/2019 23:58:00,7195.81
12/26/2019 23:58:00,7195.96
12/27/2019 23:58:00,7240.4
12/28/2019 23:58:00,7300.42
12/29/2019 23:58:00,7389
12/30/2019 23:58:00,7220
12/31/2019 23:58:00,7177.36
1/1/2020 23:58:00,7177.57
1/2/2020 23:58:00,6946.33
1/3/2020 23:58:00,7308.09
1/4/2020 23:58:00,7347.49
1/5/2020 23:58:00,7342.49
1/6/2020 23:58:00,7770.88
1/7/2020 23:58:00,8168.44
1/8/2020 23:58:00,8045.51
1/9/2020 23:58:00,7813.78
1/10/2020 23:58:00,8170.27
1/11/2020 23:58:00,8021.84
1/12/2020 23:58:00,8165.21
1/13/2020 23:58:00,8104.5
1/14/2020 23:58:00,8822.71
1/15/2020 23:58:00,8808.81
1/16/2020 23:58:00,8714.76
1/17/2020 23:58:00,8899.42
1/18/2020 23:58:00,8909.32
1/19/2020 23:58:00,8697.53
1/20/2020 23:58:00,8619.52
1/21/2020 23:58:00,8722.03
1/22/2020 23:58:00,8653.84
1/23/2020 23:58:00,8385.21
1/24/2020 23:58:00,8427.26
1/25/2020 23:58:00,8326.81
1/26/2020 23:58:00,8595
1/27/2020 23:58:00,8895.95
1/28/2020 23:58:00,9394.5
1/29/2020 23:58:00,9290.62
1/30/2020 23:58:00,9503.08
1/31/2020 23:58:00,9334.98
2/1/2020 23:58:00,9382.65
2/2/2020 23:58:00,9323.5
2/3/2020 23:58:00,9290.23
2/4/2020 23:58:00,9164.33
2/5/2020 23:58:00,9613.82
2/6/2020 23:58:00,9763.01
2/7/2020 23:58:00,9808.04
2/8/2020 23:58:00,9905.64
2/9/2020 23:58:00,10168.8
2/10/2020 23:58:00,9851.78
2/11/2020 23:58:00,10270
2/12/2020 23:58:00,10351.1
2/13/2020 23:58:00,10236.4
2/14/2020 23:58:00,10371.3
2/15/2020 23:58:00,9911.21
2/16/2020 23:58:00,9921
2/17/2020 23:58:00,9700
2/18/2020 23:58:00,10188
2/19/2020 23:58:00,9600.08
2/20/2020 23:58:00,9622.89
2/21/2020 23:58:00,9700.35
2/22/2020 23:58:00,9668.23
2/23/2020 23:58:00,9966
2/24/2020 23:58:00,9660
2/25/2020 23:58:00,9304.99
2/26/2020 23:58:00,8778.29
2/27/2020 23:58:00,8812.49
2/28/2020 23:58:00,8708.89
2/29/2020 23:58:00,8556.58
3/1/2020 23:58:00,8522.33
3/2/2020 23:58:00,8915
3/3/2020 23:58:00,8757.84
3/4/2020 23:58:00,8760.66
3/5/2020 23:58:00,9060.93
3/6/2020 23:58:00,9145.77
3/7/2020 23:58:00,8901.37
3/8/2020 23:58:00,8033.54
3/9/2020 23:58:00,7934.52
3/10/2020 23:58:00,7884.87
3/11/2020 23:58:00,7938.05
3/12/2020 23:58:00,4857.1
3/13/2020 23:58:00,5637.6
3/14/2020 23:58:00,5165.25
3/15/2020 23:58:00,5342.64
3/16/2020 23:58:00,5024
3/17/2020 23:58:00,5331.72
3/18/2020 23:58:00,5413.64
3/19/2020 23:58:00,6186.95
3/20/2020 23:58:00,6201.61
3/21/2020 23:58:00,6198.78
3/22/2020 23:58:00,5834.78
3/23/2020 23:58:00,6499.12
3/24/2020 23:58:00,6766.65
3/25/2020 23:58:00,6690
3/26/2020 23:58:00,6759.85
3/27/2020 23:58:00,6372.36
3/28/2020 23:58:00,6251.82
3/29/2020 23:58:00,5902.05
3/30/2020 23:58:00,6406.4
3/31/2020 23:58:00,6445.67
4/1/2020 23:58:00,6664.85
4/2/2020 23:58:00,6805.12
4/3/2020 23:58:00,6741.99
4/4/2020 23:58:00,6874.77
4/5/2020 23:58:00,6794.49
4/6/2020 23:58:00,7341.56
4/7/2020 23:58:00,7209.62
4/8/2020 23:58:00,7370.11
4/9/2020 23:58:00,7293.24
4/10/2020 23:58:00,6871.91
4/11/2020 23:58:00,6889.65
4/12/2020 23:58:00,6908.13
4/13/2020 23:58:00,6861.21
4/14/2020 23:58:00,6877.37
4/15/2020 23:58:00,6624.12
4/16/2020 23:58:00,7112.78
4/17/2020 23:58:00,7036.25
4/18/2020 23:58:00,7254.33
4/19/2020 23:58:00,7130.71
4/20/2020 23:58:00,6838.19
4/21/2020 23:58:00,6853.68
4/22/2020 23:58:00,7136.84
4/23/2020 23:58:00,7472.45
4/24/2020 23:58:00,7508.67
4/25/2020 23:58:00,7543.29
4/26/2020 23:58:00,7692.05
4/27/2020 23:58:00,7785.73
4/28/2020 23:58:00,7758.4
4/29/2020 23:58:00,8780.01
4/30/2020 23:58:00,8624.28
5/1/2020 23:58:00,8829.42
5/2/2020 23:58:00,8985
5/3/2020 23:58:00,8905.49
5/4/2020 23:58:00,8883.53
5/5/2020 23:58:00,8989.4
5/6/2020 23:58:00,9157.11
5/7/2020 23:58:00,10000
5/8/2020 23:58:00,9810
5/9/2020 23:58:00,9558.85
5/10/2020 23:58:00,8741.86
5/11/2020 23:58:00,8601.4
5/12/2020 23:58:00,8796.25
5/13/2020 23:58:00,9318.04
5/14/2020 23:58:00,9799.12
5/15/2020 23:58:00,9312.1
5/16/2020 23:58:00,9383.16
5/17/2020 23:58:00,9666.27
5/18/2020 23:58:00,9728.52
5/19/2020 23:58:00,9776.57
5/20/2020 23:58:00,9516
5/21/2020 23:58:00,9058.71
5/22/2020 23:58:00,9168.84
5/23/2020 23:58:00,9177.95
5/24/2020 23:58:00,8714.4
5/25/2020 23:58:00,8899.31
5/26/2020 23:58:00,8844.42
5/27/2020 23:58:00,9208.53
5/28/2020 23:58:00,9561.26
5/29/2020 23:58:00,9427.01
5/30/2020 23:58:00,9689.12
5/31/2020 23:58:00,9446.57
6/1/2020 23:58:00,10210.1
6/2/2020 23:58:00,9522.45
6/3/2020 23:58:00,9655.62
6/4/2020 23:58:00,9788.03
6/5/2020 23:58:00,9624.99
6/6/2020 23:58:00,9660.75
6/7/2020 23:58:00,9744.14
6/8/2020 23:58:00,9783.37
6/9/2020 23:58:00,9763.79
6/10/2020 23:58:00,9896.56
6/11/2020 23:58:00,9268.16
6/12/2020 23:58:00,9454
6/13/2020 23:58:00,9475
6/14/2020 23:58:00,9333.45
6/15/2020 23:58:00,9427.86
6/16/2020 23:58:00,9526.25
6/17/2020 23:58:00,9457.51
6/18/2020 23:58:00,9382.01
6/19/2020 23:58:00,9279.4
6/20/2020 23:58:00,9355.74
6/21/2020 23:58:00,9286.14
6/22/2020 23:58:00,9697.17
6/23/2020 23:58:00,9623.56
6/24/2020 23:58:00,9274.04
6/25/2020 23:58:00,9244.77
6/26/2020 23:58:00,9155
6/27/2020 23:58:00,9002.51
6/28/2020 23:58:00,9124.04
6/29/2020 23:58:00,9184.45
6/30/2020 23:58:00,9136.2
7/1/2020 23:58:00,9239.96
7/2/2020 23:58:00,9091.53
7/3/2020 23:58:00,9063.87
7/4/2020 23:58:00,9134.23
7/5/2020 23:58:00,9073.49
7/6/2020 23:58:00,9343.18
7/7/2020 23:58:00,9253.94
7/8/2020 23:58:00,9435.28
7/9/2020 23:58:00,9237.32
7/10/2020 23:58:00,9289.81
7/11/2020 23:58:00,9235.21
7/12/2020 23:58:00,9292.6
7/13/2020 23:58:00,9242.31
7/14/2020 23:58:00,9256.94
7/15/2020 23:58:00,9190.16
7/16/2020 23:58:00,9130.11
7/17/2020 23:58:00,9152.64
7/18/2020 23:58:00,9175.85
7/19/2020 23:58:00,9214.74
7/20/2020 23:58:00,9163.75
7/21/2020 23:58:00,9392.79
7/22/2020 23:58:00,9535.99
7/23/2020 23:58:00,9613.24
7/24/2020 23:58:00,9543.79
7/25/2020 23:58:00,9696.19
7/26/2020 23:58:00,9941
7/27/2020 23:58:00,11020
7/28/2020 23:58:00,10923.9
7/29/2020 23:58:00,11098.8
7/30/2020 23:58:00,11119.6
7/31/2020 23:58:00,11342.5
8/1/2020 23:58:00,11810
8/2/2020 23:58:00,11068.5
8/3/2020 23:58:00,11252.4
8/4/2020 23:58:00,11197
8/5/2020 23:58:00,11756.7
8/6/2020 23:58:00,11773.8
8/7/2020 23:58:00,11606.5
8/8/2020 23:58:00,11774.9
8/9/2020 23:58:00,11688.4
8/10/2020 23:58:00,11876.2
8/11/2020 23:58:00,11388.9
8/12/2020 23:58:00,11571.6
8/13/2020 23:58:00,11788.4
8/14/2020 23:58:00,11767.5
8/15/2020 23:58:00,11859.2
8/16/2020 23:58:00,11907.7
8/17/2020 23:58:00,12305.5
8/18/2020 23:58:00,11950
8/19/2020 23:58:00,11747.7
8/20/2020 23:58:00,11864.2
8/21/2020 23:58:00,11507.2
8/22/2020 23:58:00,11684.5
8/23/2020 23:58:00,11650
8/24/2020 23:58:00,11753.8
8/25/2020 23:58:00,11324.9
8/26/2020 23:58:00,11463.2
8/27/2020 23:58:00,11329.1
8/28/2020 23:58:00,11535
8/29/2020 23:58:00,11474.3
8/30/2020 23:58:00,11716
8/31/2020 23:58:00,11655
9/1/2020 23:58:00,11929.8
9/2/2020 23:58:00,11405.6
9/3/2020 23:58:00,10264.1
9/4/2020 23:58:00,10483.5
9/5/2020 23:58:00,10168.3
9/6/2020 23:58:00,10257.8
9/7/2020 23:58:00,10375
9/8/2020 23:58:00,10125.6
9/9/2020 23:58:00,10216.4
9/10/2020 23:58:00,10344.2
9/11/2020 23:58:00,10383.9
9/12/2020 23:58:00,10445.2
9/13/2020 23:58:00,10323.3
9/14/2020 23:58:00,10671.4
9/15/2020 23:58:00,10783.7
9/16/2020 23:58:00,10959.6
9/17/2020 23:58:00,10943.6
9/18/2020 23:58:00,10937.5
9/19/2020 23:58:00,11080
9/20/2020 23:58:00,10920.8
9/21/2020 23:58:00,10414.4
9/22/2020 23:58:00,10532.8
9/23/2020 23:58:00,10235.1
9/24/2020 23:58:00,10740
9/25/2020 23:58:00,10690.5
9/26/2020 23:58:00,10735.6
9/27/2020 23:58:00,10770
9/28/2020 23:58:00,10695.5
9/29/2020 23:58:00,10840.4
9/30/2020 23:58:00,10779.6
10/1/2020 23:58:00,10612.4
10/2/2020 23:58:00,10573.1
10/3/2020 23:58:00,10551.6
10/4/2020 23:58:00,10671.1
10/5/2020 23:58:00,10795
10/6/2020 23:58:00,10606.1
10/7/2020 23:58:00,10670.4
10/8/2020 23:58:00,10906.3
10/9/2020 23:58:00,11067
10/10/2020 23:58:00,11302.9
10/11/2020 23:58:00,11381.7
10/12/2020 23:58:00,11535.4
10/13/2020 23:58:00,11429.9
10/14/2020 23:58:00,11427.7
10/15/2020 23:58:00,11500.1
10/16/2020 23:58:00,11328.9
10/17/2020 23:58:00,11367.8
10/18/2020 23:58:00,11514.2
10/19/2020 23:58:00,11760.4
10/20/2020 23:58:00,11923.8
10/21/2020 23:58:00,12844.4
10/22/2020 23:58:00,12986.8
10/23/2020 23:58:00,12937
10/24/2020 23:58:00,13128.3
10/25/2020 23:58:00,13041.6
10/26/2020 23:58:00,13085.1
10/27/2020 23:58:00,13793.7
10/28/2020 23:58:00,13285.8
10/29/2020 23:58:00,13456.5
10/30/2020 23:58:00,13571.2
10/31/2020 23:58:00,13803.2
11/1/2020 23:58:00,13748
11/2/2020 23:58:00,13562.7
11/3/2020 23:58:00,14035.8
11/4/2020 23:58:00,14161.4
11/5/2020 23:58:00,15608.2
11/6/2020 23:58:00,15599.9
11/7/2020 23:58:00,14834
11/8/2020 23:58:00,15502.9
11/9/2020 23:58:00,15317.6
11/10/2020 23:58:00,15315
11/11/2020 23:58:00,15701.3
11/12/2020 23:58:00,16276.6
11/13/2020 23:58:00,16333.8
11/14/2020 23:58:00,16082
11/15/2020 23:58:00,15979.5
11/16/2020 23:58:00,16743
11/17/2020 23:58:00,17686.6
11/18/2020 23:58:00,17845.5
11/19/2020 23:58:00,17842
11/20/2020 23:58:00,18656
11/21/2020 23:58:00,18718.8
11/22/2020 23:58:00,18426.2
11/23/2020 23:58:00,18398.9
11/24/2020 23:58:00,19129.3
11/25/2020 23:58:00,18769.4
11/26/2020 23:58:00,17076
11/27/2020 23:58:00,17153.9
11/28/2020 23:58:00,17723.5
11/29/2020 23:58:00,18190
11/30/2020 23:58:00,19684
12/1/2020 23:58:00,18870.8
12/2/2020 23:58:00,19204.6
12/3/2020 23:58:00,19465.1
12/4/2020 23:58:00,18739.5
12/5/2020 23:58:00,19135.9
12/6/2020 23:58:00,19348.4
12/7/2020 23:58:00,19202.1
12/8/2020 23:58:00,18319.7
12/9/2020 23:58:00,18559.9
12/10/2020 23:58:00,18279
12/11/2020 23:58:00,18056.7
12/12/2020 23:58:00,18811.5
12/13/2020 23:58:00,19168.5
12/14/2020 23:58:00,19272.3
12/15/2020 23:58:00,19452.5
12/16/2020 23:58:00,21359.6
12/17/2020 23:58:00,22826.4
12/18/2020 23:58:00,23140.3
12/19/2020 23:58:00,23874.5
12/20/2020 23:58:00,23530
12/21/2020 23:58:00,22729.4
12/22/2020 23:58:00,23825.9
12/23/2020 23:58:00,23224.3
12/24/2020 23:58:00,23719.4
12/25/2020 23:58:00,24703.3
12/26/2020 23:58:00,26475.3
12/27/2020 23:58:00,26258.6
12/28/2020 23:58:00,27038
12/29/2020 23:58:00,27394.4
12/30/2020 23:58:00,28897.4
12/31/2020 23:58:00,28990
1/1/2021 23:58:00,29388.3
1/2/2021 23:58:00,32149.9
1/3/2021 23:58:00,33086.2
1/4/2021 23:58:00,32023.9
1/5/2021 23:58:00,34085.6
1/6/2021 23:58:00,36825
1/7/2021 23:58:00,39505.5
1/8/2021 23:58:00,40675.8
1/9/2021 23:58:00,40257.4
1/10/2021 23:58:00,38171.5
1/11/2021 23:58:00,35481.7
1/12/2021 23:58:00,34039
1/13/2021 23:58:00,37369
1/14/2021 23:58:00,39133.1
1/15/2021 23:58:00,36760
1/16/2021 23:58:00,36200.6
1/17/2021 23:58:00,35824.3
1/18/2021 23:58:00,36700
1/19/2021 23:58:00,35922.7
1/20/2021 23:58:00,35497.3
1/21/2021 23:58:00,30854.7
1/22/2021 23:58:00,32983.5
1/23/2021 23:58:00,32114.2
1/24/2021 23:58:00,32288.5
1/25/2021 23:58:00,32277.4
1/26/2021 23:58:00,32597.3
1/27/2021 23:58:00,30417.7
1/28/2021 23:58:00,33488.8
1/29/2021 23:58:00,34190.5
1/30/2021 23:58:00,34361.5
1/31/2021 23:58:00,33224.6
2/1/2021 23:58:00,33533.1
2/2/2021 23:58:00,35512.6
2/3/2021 23:58:00,37552.5
2/4/2021 23:58:00,37000.2
2/5/2021 23:58:00,38311.4
2/6/2021 23:58:00,39267.8
2/7/2021 23:58:00,38871.4
2/8/2021 23:58:00,46375.9
2/9/2021 23:58:00,46517.4
2/10/2021 23:58:00,44850
2/11/2021 23:58:00,47997.9
2/12/2021 23:58:00,47431.2
2/13/2021 23:58:00,47239.8
2/14/2021 23:58:00,48680.6
2/15/2021 23:58:00,47936.3
2/16/2021 23:58:00,49158.7
2/17/2021 23:58:00,52173.5
2/18/2021 23:58:00,51601.7
2/19/2021 23:58:00,55971.5
2/20/2021 23:58:00,56104.9
2/21/2021 23:58:00,57489.1
2/22/2021 23:58:00,54141.9
2/23/2021 23:58:00,48899.9
2/24/2021 23:58:00,49737.8
2/25/2021 23:58:00,47135.4
2/26/2021 23:58:00,46320.7
2/27/2021 23:58:00,46189.9
2/28/2021 23:58:00,45260.1
3/1/2021 23:58:00,49593.8
3/2/2021 23:58:00,48513
3/3/2021 23:58:00,50368.2
3/4/2021 23:58:00,48533
3/5/2021 23:58:00,48879.2
3/6/2021 23:58:00,48909.8
3/7/2021 23:58:00,50941.2
3/8/2021 23:58:00,52304.2
3/9/2021 23:58:00,54916.3
3/10/2021 23:58:00,55972.8
3/11/2021 23:58:00,57797
3/12/2021 23:58:00,57271.2
3/13/2021 23:58:00,61283.8
3/14/2021 23:58:00,59423
3/15/2021 23:58:00,55743.9
3/16/2021 23:58:00,56919.2
3/17/2021 23:58:00,58927.5
3/18/2021 23:58:00,57644.9
3/19/2021 23:58:00,58050.6
3/20/2021 23:58:00,58126.1
3/21/2021 23:58:00,57465.1
3/22/2021 23:58:00,54100
3/23/2021 23:58:00,54582.7
3/24/2021 23:58:00,52267
3/25/2021 23:58:00,51325
3/26/2021 23:58:00,55072.4
3/27/2021 23:58:00,55880.1
3/28/2021 23:58:00,55778.8
3/29/2021 23:58:00,57613.1
3/30/2021 23:58:00,58786.4
3/31/2021 23:58:00,58800
4/1/2021 23:58:00,58726.4
4/2/2021 23:58:00,58978.5
4/3/2021 23:58:00,57094.3
4/4/2021 23:58:00,58200.2
4/5/2021 23:58:00,59123
4/6/2021 23:58:00,58014.5
4/7/2021 23:58:00,55955.7
4/8/2021 23:58:00,58019.8
4/9/2021 23:58:00,58092.6
4/10/2021 23:58:00,59778.6
4/11/2021 23:58:00,59989.2
4/12/2021 23:58:00,59886.1
4/13/2021 23:58:00,63588.2
4/14/2021 23:58:00,62624.5
4/15/2021 23:58:00,63237
4/16/2021 23:58:00,61427.2
4/17/2021 23:58:00,60141.1
4/18/2021 23:58:00,56274.4
4/19/2021 23:58:00,55670.9
4/20/2021 23:58:00,56423
4/21/2021 23:58:00,53808.7
4/22/2021 23:58:00,51701.5
4/23/2021 23:58:00,51076
4/24/2021 23:58:00,50046.4
4/25/2021 23:58:00,49059.5
4/26/2021 23:58:00,54017.2
4/27/2021 23:58:00,55046.7
4/28/2021 23:58:00,54894
4/29/2021 23:58:00,53583.6
4/30/2021 23:58:00,57885.2
5/1/2021 23:58:00,57858.2
5/2/2021 23:58:00,56625.1
5/3/2021 23:58:00,57197.5
5/4/2021 23:58:00,53241.9
5/5/2021 23:58:00,57515.6
5/6/2021 23:58:00,56444.5
5/7/2021 23:58:00,57392.4
5/8/2021 23:58:00,58958
5/9/2021 23:58:00,58238.4
5/10/2021 23:58:00,55804.8
5/11/2021 23:58:00,56755.9
5/12/2021 23:58:00,49498.7
5/13/2021 23:58:00,49694.4
5/14/2021 23:58:00,49961.6
5/15/2021 23:58:00,46795.7
5/16/2021 23:58:00,46450.7
5/17/2021 23:58:00,43580.5
5/18/2021 23:58:00,42857.1
5/19/2021 23:58:00,36941
5/20/2021 23:58:00,40623.2
5/21/2021 23:58:00,37340.7
5/22/2021 23:58:00,37596.1
5/23/2021 23:58:00,34742.5
5/24/2021 23:58:00,38878.5
5/25/2021 23:58:00,38200
5/26/2021 23:58:00,39293.2
5/27/2021 23:58:00,38556.8
5/28/2021 23:58:00,35670.5
5/29/2021 23:58:00,34618.7
5/30/2021 23:58:00,35646.4
5/31/2021 23:58:00,37271.8
6/1/2021 23:58:00,36685
6/2/2021 23:58:00,37581.8
6/3/2021 23:58:00,39244.9
6/4/2021 23:58:00,36952.8
6/5/2021 23:58:00,35530.6
6/6/2021 23:58:00,35800.4
6/7/2021 23:58:00,33583.3
6/8/2021 23:58:00,33416.6
6/9/2021 23:58:00,37373
6/10/2021 23:58:00,36694
6/11/2021 23:58:00,37349.9
6/12/2021 23:58:00,35517.3
6/13/2021 23:58:00,39015.2
6/14/2021 23:58:00,40530.6
6/15/2021 23:58:00,40242.3
6/16/2021 23:58:00,38351
6/17/2021 23:58:00,38094.7
6/18/2021 23:58:00,35767.7
6/19/2021 23:58:00,35484.7
6/20/2021 23:58:00,35631
6/21/2021 23:58:00,31608.1
6/22/2021 23:58:00,32538.3
6/23/2021 23:58:00,33674.2
6/24/2021 23:58:00,34654.5
6/25/2021 23:58:00,31596.6
6/26/2021 23:58:00,32275.1
6/27/2021 23:58:00,34709.2
6/28/2021 23:58:00,34493.2
6/29/2021 23:58:00,35904.2
6/30/2021 23:58:00,35069.6
7/1/2021 23:58:00,33524.5
7/2/2021 23:58:00,33805
7/3/2021 23:58:00,34682.1
7/4/2021 23:58:00,35312.8
7/5/2021 23:58:00,33764.3
7/6/2021 23:58:00,34111.9
7/7/2021 23:58:00,33878.5
7/8/2021 23:58:00,32854.1
7/9/2021 23:58:00,33824.2
7/10/2021 23:58:00,33515.3
7/11/2021 23:58:00,34259.2
7/12/2021 23:58:00,33091.1
7/13/2021 23:58:00,32577.5
7/14/2021 23:58:00,32816.3
7/15/2021 23:58:00,31868.6
7/16/2021 23:58:00,31381.1
7/17/2021 23:58:00,31576.2
7/18/2021 23:58:00,31788.2
7/19/2021 23:58:00,30842
7/20/2021 23:58:00,29789.9
7/21/2021 23:58:00,32135.1
7/22/2021 23:58:00,32290.3
7/23/2021 23:58:00,33521.4
7/24/2021 23:58:00,34252.6
7/25/2021 23:58:00,35428.2
7/26/2021 23:58:00,37262.7
7/27/2021 23:58:00,39488.7
7/28/2021 23:58:00,40035.1
7/29/2021 23:58:00,40033.5
7/30/2021 23:58:00,42137.4
7/31/2021 23:58:00,41697.2
8/1/2021 23:58:00,39865.4
8/2/2021 23:58:00,39149.5
8/3/2021 23:58:00,38191.4
8/4/2021 23:58:00,39729.5
8/5/2021 23:58:00,40888.7
8/6/2021 23:58:00,42869.5
8/7/2021 23:58:00,44699.6
8/8/2021 23:58:00,43765.1
8/9/2021 23:58:00,46339.9
8/10/2021 23:58:00,45586.5
8/11/2021 23:58:00,45553.4
8/12/2021 23:58:00,44461.4
8/13/2021 23:58:00,47837.4
8/14/2021 23:58:00,47113.6
8/15/2021 23:58:00,47050.2
8/16/2021 23:58:00,45874.7
8/17/2021 23:58:00,44671.5
8/18/2021 23:58:00,44837.6
8/19/2021 23:58:00,46765.8
8/20/2021 23:58:00,49296.4
8/21/2021 23:58:00,48990.9
8/22/2021 23:58:00,49284.6
8/23/2021 23:58:00,49506.5
8/24/2021 23:58:00,47667.3
8/25/2021 23:58:00,48987.3
8/26/2021 23:58:00,47071.4
8/27/2021 23:58:00,49077.5
8/28/2021 23:58:00,48889.9
8/29/2021 23:58:00,48919.3
8/30/2021 23:58:00,46993.7
8/31/2021 23:58:00,47261.2
9/1/2021 23:58:00,48839.8
9/2/2021 23:58:00,49338.3
9/3/2021 23:58:00,50025
9/4/2021 23:58:00,49960.7
9/5/2021 23:58:00,51751.5
9/6/2021 23:58:00,52656.2
9/7/2021 23:58:00,46894.5
9/8/2021 23:58:00,46073.5
9/9/2021 23:58:00,46300
9/10/2021 23:58:00,44851.4
9/11/2021 23:58:00,45171.8
9/12/2021 23:58:00,46016.1
9/13/2021 23:58:00,45005.2
9/14/2021 23:58:00,47039.2
9/15/2021 23:58:00,48130.2
9/16/2021 23:58:00,47801.5
9/17/2021 23:58:00,47235
9/18/2021 23:58:00,48213.7
9/19/2021 23:58:00,47255.9
9/20/2021 23:58:00,43012.9
9/21/2021 23:58:00,40683
9/22/2021 23:58:00,43575.1
9/23/2021 23:58:00,44879.6
9/24/2021 23:58:00,42840.7
9/25/2021 23:58:00,42705.5
9/26/2021 23:58:00,43228.5
9/27/2021 23:58:00,42171.7
9/28/2021 23:58:00,41049
9/29/2021 23:58:00,41522.1
9/30/2021 23:58:00,43824.4
10/1/2021 23:58:00,48159.5
10/2/2021 23:58:00,47662.4
10/3/2021 23:58:00,48174.3
10/4/2021 23:58:00,49178.3
10/5/2021 23:58:00,51487.9
10/6/2021 23:58:00,55344.5
10/7/2021 23:58:00,53775
10/8/2021 23:58:00,53963.8
10/9/2021 23:58:00,55074.1
10/10/2021 23:58:00,54690.5
10/11/2021 23:58:00,57487.4
10/12/2021 23:58:00,56007.4
10/13/2021 23:58:00,57376.6
10/14/2021 23:58:00,57359.5
10/15/2021 23:58:00,61691.2
10/16/2021 23:58:00,60883.8
10/17/2021 23:58:00,61571.8
10/18/2021 23:58:00,61986.7
10/19/2021 23:58:00,64300
10/20/2021 23:58:00,66017.7
10/21/2021 23:58:00,62210.8
10/22/2021 23:58:00,60687.6
10/23/2021 23:58:00,61284.9
10/24/2021 23:58:00,60838.8
10/25/2021 23:58:00,62996.6
10/26/2021 23:58:00,60437.1
10/27/2021 23:58:00,58455.4
10/28/2021 23:58:00,60608.1
10/29/2021 23:58:00,62258
10/30/2021 23:58:00,61892.4
10/31/2021 23:58:00,61343.6
11/1/2021 23:58:00,60949.5
11/2/2021 23:58:00,63152.2
11/3/2021 23:58:00,62998.9
11/4/2021 23:58:00,61411.4
11/5/2021 23:58:00,61073.1
11/6/2021 23:58:00,61539.3
11/7/2021 23:58:00,63272.2
11/8/2021 23:58:00,67582.6
11/9/2021 23:58:00,66938
11/10/2021 23:58:00,64976.6
11/11/2021 23:58:00,64820.9
11/12/2021 23:58:00,64293.3
11/13/2021 23:58:00,64400
11/14/2021 23:58:00,65312.6
11/15/2021 23:58:00,63835.2
11/16/2021 23:58:00,60107.9
11/17/2021 23:58:00,60394.9
11/18/2021 23:58:00,56898
11/19/2021 23:58:00,58115.9
11/20/2021 23:58:00,59760.7
11/21/2021 23:58:00,58671.2
11/22/2021 23:58:00,56415.1
11/23/2021 23:58:00,57566.8
11/24/2021 23:58:00,57162.6
11/25/2021 23:58:00,58975.4
11/26/2021 23:58:00,53700.6
11/27/2021 23:58:00,54760.4
11/28/2021 23:58:00,57212.2
11/29/2021 23:58:00,57879
11/30/2021 23:58:00,57057.5
12/1/2021 23:58:00,57180.1
12/2/2021 23:58:00,56479.5
12/3/2021 23:58:00,53672.5
12/4/2021 23:58:00,49105.5
12/5/2021 23:58:00,49310.2
12/6/2021 23:58:00,50556.9
12/7/2021 23:58:00,50604.3
12/8/2021 23:58:00,50519.6
12/9/2021 23:58:00,47824.3
12/10/2021 23:58:00,46968.5
12/11/2021 23:58:00,49343.1
12/12/2021 23:58:00,50149.2
12/13/2021 23:58:00,46812.1
12/14/2021 23:58:00,48392
12/15/2021 23:58:00,48884.7
12/16/2021 23:58:00,47634.2
12/17/2021 23:58:00,46155.3
12/18/2021 23:58:00,46928.3
12/19/2021 23:58:00,46690.5
12/20/2021 23:58:00,46915.8
12/21/2021 23:58:00,48954.8
12/22/2021 23:58:00,48658.6
12/23/2021 23:58:00,50773.9
12/24/2021 23:58:00,50848.1
12/25/2021 23:58:00,50652.8
12/26/2021 23:58:00,50801.7
12/27/2021 23:58:00,50717.7
12/28/2021 23:58:00,47635.9
12/29/2021 23:58:00,46471.2
12/30/2021 23:58:00,47122
12/31/2021 23:58:00,46195
1/1/2022 23:58:00,47733.4
1/2/2022 23:58:00,47299
1/3/2022 23:58:00,46435.5
1/4/2022 23:58:00,45814.6
1/5/2022 23:58:00,43523.4
1/6/2022 23:58:00,43083.7
1/7/2022 23:58:00,41565.1
1/8/2022 23:58:00,41684.8
1/9/2022 23:58:00,41865.2
1/10/2022 23:58:00,41822.9
1/11/2022 23:58:00,42694.8
1/12/2022 23:58:00,43921.8
1/13/2022 23:58:00,42581.6
1/14/2022 23:58:00,43099
1/15/2022 23:58:00,43160.2
1/16/2022 23:58:00,43099.7
1/17/2022 23:58:00,42214
1/18/2022 23:58:00,42369.7
1/19/2022 23:58:00,41709.2
1/20/2022 23:58:00,40646.6
1/21/2022 23:58:00,36456.9
1/22/2022 23:58:00,35070.1
1/23/2022 23:58:00,36278
1/24/2022 23:58:00,36701.5
1/25/2022 23:58:00,36964.2
1/26/2022 23:58:00,36840.6
1/27/2022 23:58:00,37188.3
1/28/2022 23:58:00,37741.9
1/29/2022 23:58:00,38191.1
1/30/2022 23:58:00,37901.3
1/31/2022 23:58:00,38491.9
2/1/2022 23:58:00,38777.8
2/2/2022 23:58:00,36859.9
2/3/2022 23:58:00,37077.9
2/4/2022 23:58:00,41709.9
2/5/2022 23:58:00,41433.6
2/6/2022 23:58:00,42415.1
2/7/2022 23:58:00,43919.5
2/8/2022 23:58:00,44130.5
2/9/2022 23:58:00,44339.6
2/10/2022 23:58:00,43517.2
2/11/2022 23:58:00,42400.2
2/12/2022 23:58:00,42178.4
2/13/2022 23:58:00,42075
2/14/2022 23:58:00,42548.6
2/15/2022 23:58:00,44591.8
2/16/2022 23:58:00,43986.1
2/17/2022 23:58:00,40546.2
2/18/2022 23:58:00,39983.5
2/19/2022 23:58:00,40147.9
2/20/2022 23:58:00,38389
2/21/2022 23:58:00,37023
2/22/2022 23:58:00,38251.4
2/23/2022 23:58:00,37301.4
2/24/2022 23:58:00,38347.3
2/25/2022 23:58:00,39251.1
2/26/2022 23:58:00,39137.8
2/27/2022 23:58:00,37717
2/28/2022 23:58:00,43198.6
3/1/2022 23:58:00,44404.1
3/2/2022 23:58:00,43916.4
3/3/2022 23:58:00,42464.4
3/4/2022 23:58:00,39166.4
3/5/2022 23:58:00,39412.9
3/6/2022 23:58:00,38408
3/7/2022 23:58:00,37998
3/8/2022 23:58:00,38749.3
3/9/2022 23:58:00,41980.1
3/10/2022 23:58:00,39433.7
3/11/2022 23:58:00,38759.8
3/12/2022 23:58:00,38862.5
3/13/2022 23:58:00,37822.6
3/14/2022 23:58:00,39612.5
3/15/2022 23:58:00,39291.5
3/16/2022 23:58:00,41123.4
3/17/2022 23:58:00,40950.3
3/18/2022 23:58:00,41780.5
3/19/2022 23:58:00,42232.2
3/20/2022 23:58:00,41281.9
3/21/2022 23:58:00,41017.7
3/22/2022 23:58:00,42368.4
3/23/2022 23:58:00,42940.5
3/24/2022 23:58:00,43989.9
3/25/2022 23:58:00,44337.4
3/26/2022 23:58:00,44539.4
3/27/2022 23:58:00,46881.6
3/28/2022 23:58:00,46990.7
3/29/2022 23:58:00,47454.1
3/30/2022 23:58:00,47078
3/31/2022 23:58:00,45528.4
4/1/2022 23:58:00,46296.3
4/2/2022 23:58:00,45857
4/3/2022 23:58:00,46422.8
4/4/2022 23:58:00,46596.8
4/5/2022 23:58:00,45548.9
4/6/2022 23:58:00,43170.3
4/7/2022 23:58:00,43452.1
4/8/2022 23:58:00,42262
4/9/2022 23:58:00,42766.9
4/10/2022 23:58:00,42285.5
4/11/2022 23:58:00,39465.1
4/12/2022 23:58:00,40085.9
4/13/2022 23:58:00,41149.5
4/14/2022 23:58:00,39952.9
4/15/2022 23:58:00,40549.9
4/16/2022 23:58:00,40387.6
4/17/2022 23:58:00,39684.8
4/18/2022 23:58:00,40801.9
4/19/2022 23:58:00,41532.8
4/20/2022 23:58:00,41377.6
4/21/2022 23:58:00,40526.9
4/22/2022 23:58:00,39760.1
4/23/2022 23:58:00,39436.2
4/24/2022 23:58:00,39468.6
4/25/2022 23:58:00,40439.2
4/26/2022 23:58:00,38112.4
4/27/2022 23:58:00,39251.1
4/28/2022 23:58:00,39743.2
4/29/2022 23:58:00,38593.1
4/30/2022 23:58:00,37661.2
5/1/2022 23:58:00,38471.6
5/2/2022 23:58:00,38511.9
5/3/2022 23:58:00,37720.8
5/4/2022 23:58:00,39669.5
5/5/2022 23:58:00,36539.8
5/6/2022 23:58:00,36029.2
5/7/2022 23:58:00,35458
5/8/2022 23:58:00,34027.9
5/9/2022 23:58:00,30078.2
5/10/2022 23:58:00,31004.3
5/11/2022 23:58:00,28989.4
5/12/2022 23:58:00,28941.9
5/13/2022 23:58:00,29232.1
5/14/2022 23:58:00,30068.4
5/15/2022 23:58:00,31280.7
5/16/2022 23:58:00,29840
5/17/2022 23:58:00,30412.1
5/18/2022 23:58:00,28694.2
5/19/2022 23:58:00,30321.6
5/20/2022 23:58:00,29155.7
5/21/2022 23:58:00,29408.2
5/22/2022 23:58:00,30260.8
5/23/2022 23:58:00,29092.3
5/24/2022 23:58:00,29646
5/25/2022 23:58:00,29503.4
5/26/2022 23:58:00,29321.2
5/27/2022 23:58:00,28576.2
5/28/2022 23:58:00,29008.9
5/29/2022 23:58:00,29447.2
5/30/2022 23:58:00,31705.6
5/31/2022 23:58:00,31784
6/1/2022 23:58:00,29788.7
6/2/2022 23:58:00,30426.1
6/3/2022 23:58:00,29670.8
6/4/2022 23:58:00,29843.1
6/5/2022 23:58:00,29899.6
6/6/2022 23:58:00,31350.3
6/7/2022 23:58:00,31148.3
6/8/2022 23:58:00,30177
6/9/2022 23:58:00,30079.6
6/10/2022 23:58:00,29063.1
6/11/2022 23:58:00,28356.8
6/12/2022 23:58:00,26555
6/13/2022 23:58:00,22494.3
6/14/2022 23:58:00,22120.2
6/15/2022 23:58:00,22562.3
6/16/2022 23:58:00,20369.9
6/17/2022 23:58:00,20444.5
6/18/2022 23:58:00,18948.8
6/19/2022 23:58:00,20552.4
6/20/2022 23:58:00,20552.8
6/21/2022 23:58:00,20696.9
6/22/2022 23:58:00,19971.2
6/23/2022 23:58:00,21104.4
6/24/2022 23:58:00,21219.5
6/25/2022 23:58:00,21477.7
6/26/2022 23:58:00,21027.9
6/27/2022 23:58:00,20723.6
6/28/2022 23:58:00,20266.9
6/29/2022 23:58:00,20093.5
6/30/2022 23:58:00,19985.6
7/1/2022 23:58:00,19247.3
7/2/2022 23:58:00,19224
7/3/2022 23:58:00,19291.3
7/4/2022 23:58:00,20235.5
7/5/2022 23:58:00,20169.4
7/6/2022 23:58:00,20541.8
7/7/2022 23:58:00,21644.2
7/8/2022 23:58:00,21780.8
7/9/2022 23:58:00,21583.9
7/10/2022 23:58:00,20848.5
7/11/2022 23:58:00,19942.4
7/12/2022 23:58:00,19301.5
7/13/2022 23:58:00,20173.3
7/14/2022 23:58:00,20553.5
7/15/2022 23:58:00,20827.5
7/16/2022 23:58:00,21195.5
7/17/2022 23:58:00,20790.2
7/18/2022 23:58:00,22442.2
7/19/2022 23:58:00,23395
7/20/2022 23:58:00,23226.9
7/21/2022 23:58:00,23150.8
7/22/2022 23:58:00,22687.6
7/23/2022 23:58:00,22450.6
7/24/2022 23:58:00,22604.4
7/25/2022 23:58:00,21310.2
7/26/2022 23:58:00,21222
7/27/2022 23:58:00,22949.6
7/28/2022 23:58:00,23851.7
7/29/2022 23:58:00,23784.5
7/30/2022 23:58:00,23661
7/31/2022 23:58:00,23307.2
8/1/2022 23:58:00,23273.8
8/2/2022 23:58:00,22993.7
8/3/2022 23:58:00,22825
8/4/2022 23:58:00,22623.9
8/5/2022 23:58:00,23288.2
8/6/2022 23:58:00,22960.9
8/7/2022 23:58:00,23177.3
8/8/2022 23:58:00,23797.3
8/9/2022 23:58:00,23150.9
8/10/2022 23:58:00,23948.9
8/11/2022 23:58:00,23941.6
8/12/2022 23:58:00,24412.6
8/13/2022 23:58:00,24461.8
8/14/2022 23:58:00,24316.3
8/15/2022 23:58:00,24097.8
8/16/2022 23:58:00,23857.9
8/17/2022 23:58:00,23341.1
8/18/2022 23:58:00,23189.4
8/19/2022 23:58:00,20834.9
8/20/2022 23:58:00,21158.8
8/21/2022 23:58:00,21510.4
8/22/2022 23:58:00,21398.2
8/23/2022 23:58:00,21515.1
8/24/2022 23:58:00,21368.7
8/25/2022 23:58:00,21591.5
8/26/2022 23:58:00,20209
8/27/2022 23:58:00,20051.5
8/28/2022 23:58:00,19571.3
8/29/2022 23:58:00,20275.6
8/30/2022 23:58:00,19773.5
8/31/2022 23:58:00,20048.2
9/1/2022 23:58:00,20146
9/2/2022 23:58:00,19931.5
9/3/2022 23:58:00,19835.4
9/4/2022 23:58:00,19982.3
9/5/2022 23:58:00,19794.5
9/6/2022 23:58:00,18815.3
9/7/2022 23:58:00,19293.5
9/8/2022 23:58:00,19329.1
9/9/2022 23:58:00,21372.5
9/10/2022 23:58:00,21679.4
9/11/2022 23:58:00,21784.8
9/12/2022 23:58:00,22402.6
9/13/2022 23:58:00,20173.2
9/14/2022 23:58:00,20227.7
9/15/2022 23:58:00,19703.6
9/16/2022 23:58:00,19768
9/17/2022 23:58:00,20113.3
9/18/2022 23:58:00,19417.6
9/19/2022 23:58:00,19569
9/20/2022 23:58:00,18878
9/21/2022 23:58:00,18465
9/22/2022 23:58:00,19432.3
9/23/2022 23:58:00,19286
9/24/2022 23:58:00,18923.2
9/25/2022 23:58:00,18805.1
9/26/2022 23:58:00,19241.5
9/27/2022 23:58:00,19093.9
9/28/2022 23:58:00,19395
9/29/2022 23:58:00,19592.4
9/30/2022 23:58:00,19452.2
10/1/2022 23:58:00,19315.2
10/2/2022 23:58:00,19059.7
10/3/2022 23:58:00,19633.5
10/4/2022 23:58:00,20345.1
10/5/2022 23:58:00,20170.2
10/6/2022 23:58:00,19965.6
10/7/2022 23:58:00,19531.5
10/8/2022 23:58:00,19419.3
10/9/2022 23:58:00,19442.1
10/10/2022 23:58:00,19139.8
10/11/2022 23:58:00,19043.8
10/12/2022 23:58:00,19153.9
10/13/2022 23:58:00,19378.6
10/14/2022 23:58:00,19195.6
10/15/2022 23:58:00,19054.8
10/16/2022 23:58:00,19271
10/17/2022 23:58:00,19553.5
10/18/2022 23:58:00,19330.2
10/19/2022 23:58:00,19128.3
10/20/2022 23:58:00,19040.8
10/21/2022 23:58:00,19173
10/22/2022 23:58:00,19206.5
10/23/2022 23:58:00,19572.4
10/24/2022 23:58:00,19330.4
10/25/2022 23:58:00,20086.2
10/26/2022 23:58:00,20775.4
10/27/2022 23:58:00,20294.2
10/28/2022 23:58:00,20609.8
10/29/2022 23:58:00,20822.1
10/30/2022 23:58:00,20631.4
10/31/2022 23:58:00,20491.9
11/1/2022 23:58:00,20481.5
11/2/2022 23:58:00,20150.7
11/3/2022 23:58:00,20209
11/4/2022 23:58:00,21144.2
11/5/2022 23:58:00,21301.2
11/6/2022 23:58:00,20905.9
11/7/2022 23:58:00,20591.9
11/8/2022 23:58:00,18501.2
11/9/2022 23:58:00,15757.2
11/10/2022 23:58:00,17546.8
11/11/2022 23:58:00,17011.5
11/12/2022 23:58:00,16778.1
11/13/2022 23:58:00,16301.3
11/14/2022 23:58:00,16590.7
11/15/2022 23:58:00,16880.7
11/16/2022 23:58:00,16645.2
11/17/2022 23:58:00,16680.4
11/18/2022 23:58:00,16680.4
11/19/2022 23:58:00,16683
11/20/2022 23:58:00,16252.5
11/21/2022 23:58:00,15760.1
11/22/2022 23:58:00,16147.7
11/23/2022 23:58:00,16600.7
11/24/2022 23:58:00,16585.5
11/25/2022 23:58:00,16498.4
11/26/2022 23:58:00,16452.2
11/27/2022 23:58:00,16420.9
11/28/2022 23:58:00,16206.2
11/29/2022 23:58:00,16432.4
11/30/2022 23:58:00,17173.4
12/1/2022 23:58:00,16958.4
12/2/2022 23:58:00,17093.2
12/3/2022 23:58:00,16906.2
12/4/2022 23:58:00,17131.4
12/5/2022 23:58:00,16964.9
12/6/2022 23:58:00,17087.8
12/7/2022 23:58:00,16841.1
12/8/2022 23:58:00,17253.2
12/9/2022 23:58:00,17120
12/10/2022 23:58:00,17115.6
12/11/2022 23:58:00,17085.2
12/12/2022 23:58:00,17214.5
12/13/2022 23:58:00,17773.1
12/14/2022 23:58:00,17805.7
12/15/2022 23:58:00,17350.2
12/16/2022 23:58:00,16604.6
12/17/2022 23:58:00,16781.6
12/18/2022 23:58:00,16741.1
12/19/2022 23:58:00,16439.7
12/20/2022 23:58:00,16907.5
12/21/2022 23:58:00,16803.3
12/22/2022 23:58:00,16815.6
12/23/2022 23:58:00,16777.2
12/24/2022 23:58:00,16837.5
12/25/2022 23:58:00,16829
12/26/2022 23:58:00,16917.9
12/27/2022 23:58:00,16698.9
12/28/2022 23:58:00,16539.5
12/29/2022 23:58:00,16633.6
12/30/2022 23:58:00,16600.1
12/31/2022 23:58:00,16529
1/1/2023 23:58:00,16605.1
1/2/2023 23:58:00,16675.8
1/3/2023 23:58:00,16669.4
1/4/2023 23:58:00,16844.4
1/5/2023 23:58:00,16823.6
1/6/2023 23:58:00,16949.3
1/7/2023 23:58:00,16942.8
1/8/2023 23:58:00,17067.5
1/9/2023 23:58:00,17177.9
1/10/2023 23:58:00,17438.7
1/11/2023 23:58:00,17936.7
1/12/2023 23:58:00,18847.7
1/13/2023 23:58:00,19922.9
1/14/2023 23:58:00,20979.7
1/15/2023 23:58:00,20863.6
1/16/2023 23:58:00,21165.1
1/17/2023 23:58:00,21153.2
1/18/2023 23:58:00,20674.2
1/19/2023 23:58:00,21084
1/20/2023 23:58:00,22680.9
1/21/2023 23:58:00,22770.9
1/22/2023 23:58:00,22714.8
1/23/2023 23:58:00,22946.8
1/24/2023 23:58:00,22636.1
1/25/2023 23:58:00,23059.5
1/26/2023 23:58:00,23015.5
1/27/2023 23:58:00,23081.6
1/28/2023 23:58:00,23013.2
1/29/2023 23:58:00,23783.9
1/30/2023 23:58:00,22832.9
1/31/2023 23:58:00,23150.5
2/1/2023 23:58:00,23705.1
2/2/2023 23:58:00,23493.8
2/3/2023 23:58:00,23430.6
2/4/2023 23:58:00,23328.8
2/5/2023 23:58:00,22936.3
2/6/2023 23:58:00,22764
2/7/2023 23:58:00,23245.9
2/8/2023 23:58:00,22950.8
2/9/2023 23:58:00,21800.6
2/10/2023 23:58:00,21628.9
2/11/2023 23:58:00,21877.6
2/12/2023 23:58:00,21789.8
2/13/2023 23:58:00,21834.4
2/14/2023 23:58:00,22206.2
2/15/2023 23:58:00,24329.9
2/16/2023 23:58:00,23516.1
2/17/2023 23:58:00,24561.6
2/18/2023 23:58:00,24650.2
2/19/2023 23:58:00,24336.7
2/20/2023 23:58:00,24809.3
2/21/2023 23:58:00,24454.4
2/22/2023 23:58:00,24189.5
2/23/2023 23:58:00,23951.5
2/24/2023 23:58:00,23198.5
2/25/2023 23:58:00,23173.7
2/26/2023 23:58:00,23535.5
2/27/2023 23:58:00,23499.4
2/28/2023 23:58:00,23135.4
3/1/2023 23:58:00,23631.5
3/2/2023 23:58:00,23468.2
3/3/2023 23:58:00,22358.1
3/4/2023 23:58:00,22338.4
3/5/2023 23:58:00,22435.9
3/6/2023 23:58:00,22406.5
3/7/2023 23:58:00,22195.7
3/8/2023 23:58:00,21698.3
3/9/2023 23:58:00,20358.7
3/10/2023 23:58:00,20207.1
3/11/2023 23:58:00,20646.7
3/12/2023 23:58:00,22153.7
3/13/2023 23:58:00,24212.1
3/14/2023 23:58:00,24762.6
3/15/2023 23:58:00,24367
3/16/2023 23:58:00,25055.6
3/17/2023 23:58:00,27385.9
3/18/2023 23:58:00,27007.2
3/19/2023 23:58:00,27985.1
3/20/2023 23:58:00,27823.1
3/21/2023 23:58:00,28200.5
3/22/2023 23:58:00,27339
3/23/2023 23:58:00,28352.9
3/24/2023 23:58:00,27466.1
3/25/2023 23:58:00,27493.4
3/26/2023 23:58:00,28007.9
3/27/2023 23:58:00,27159.8
3/28/2023 23:58:00,27274.1
3/29/2023 23:58:00,28348.2
3/30/2023 23:58:00,28033.2
3/31/2023 23:58:00,28476.4
4/1/2023 23:58:00,28475
4/2/2023 23:58:00,28202.5
4/3/2023 23:58:00,27817.8
4/4/2023 23:58:00,28181.3
4/5/2023 23:58:00,28182.5
4/6/2023 23:58:00,28042.1
4/7/2023 23:58:00,27929.8
4/8/2023 23:58:00,27950.6
4/9/2023 23:58:00,28343.2
4/10/2023 23:58:00,29658.7
4/11/2023 23:58:00,30252.9
4/12/2023 23:58:00,29895.5
4/13/2023 23:58:00,30393.9
4/14/2023 23:58:00,30506.8
4/15/2023 23:58:00,30324.1
4/16/2023 23:58:00,30326.6
4/17/2023 23:58:00,29433
4/18/2023 23:58:00,30379.7
4/19/2023 23:58:00,28807.9
4/20/2023 23:58:00,28261.9
4/21/2023 23:58:00,27253.8
4/22/2023 23:58:00,27824.5
4/23/2023 23:58:00,27580.9
4/24/2023 23:58:00,27519.8
4/25/2023 23:58:00,28320
4/26/2023 23:58:00,28396.7
4/27/2023 23:58:00,29480.3
4/28/2023 23:58:00,29338.6
4/29/2023 23:58:00,29249.3
4/30/2023 23:58:00,29247.1
5/1/2023 23:58:00,28074.5
5/2/2023 23:58:00,28647.9
5/3/2023 23:58:00,29038.7
5/4/2023 23:58:00,28857.2
5/5/2023 23:58:00,29528.5
5/6/2023 23:58:00,28913.4
5/7/2023 23:58:00,28466.8
5/8/2023 23:58:00,27720.3
5/9/2023 23:58:00,27647.2
5/10/2023 23:58:00,27652.4
5/11/2023 23:58:00,27004.9
5/12/2023 23:58:00,26808.8
5/13/2023 23:58:00,26789.4
5/14/2023 23:58:00,26924.9
5/15/2023 23:58:00,27171.1
5/16/2023 23:58:00,27037.6
5/17/2023 23:58:00,27398.1
5/18/2023 23:58:00,26820.4
5/19/2023 23:58:00,26875.4
5/20/2023 23:58:00,27113.6
5/21/2023 23:58:00,26752.6
5/22/2023 23:58:00,26854.7
5/23/2023 23:58:00,27223.8
5/24/2023 23:58:00,26334.9
5/25/2023 23:58:00,26477.4
5/26/2023 23:58:00,26723.3
5/27/2023 23:58:00,26867.9
5/28/2023 23:58:00,28102.5
5/29/2023 23:58:00,27744.8
5/30/2023 23:58:00,27700.1
5/31/2023 23:58:00,27223
6/1/2023 23:58:00,26814.3
6/2/2023 23:58:00,27250.6
6/3/2023 23:58:00,27077.6
6/4/2023 23:58:00,27121.5
6/5/2023 23:58:00,25750
6/6/2023 23:58:00,27209.8
6/7/2023 23:58:00,26346.4
6/8/2023 23:58:00,26508.3
6/9/2023 23:58:00,26482.8
6/10/2023 23:58:00,25856.1
6/11/2023 23:58:00,25926.2
6/12/2023 23:58:00,25904.9
6/13/2023 23:58:00,25930.2
6/14/2023 23:58:00,25119.3
6/15/2023 23:58:00,25558.9
6/16/2023 23:58:00,26329.6
6/17/2023 23:58:00,26506.5
6/18/2023 23:58:00,26327.8
6/19/2023 23:58:00,26837.7
6/20/2023 23:58:00,28390
6/21/2023 23:58:00,30059.4
6/22/2023 23:58:00,29913.2
6/23/2023 23:58:00,30644.9
6/24/2023 23:58:00,30547.1
6/25/2023 23:58:00,30466.8
6/26/2023 23:58:00,30272.1
6/27/2023 23:58:00,30694.1
6/28/2023 23:58:00,30089.7
6/29/2023 23:58:00,30456.1
6/30/2023 23:58:00,30472.3
7/1/2023 23:58:00,30587.2
7/2/2023 23:58:00,30613.5
7/3/2023 23:58:00,31158.8
7/4/2023 23:58:00,30771.2
7/5/2023 23:58:00,30507.3
7/6/2023 23:58:00,29899.3
7/7/2023 23:58:00,30352
7/8/2023 23:58:00,30273.2
7/9/2023 23:58:00,30170.5
7/10/2023 23:58:00,30422.6
7/11/2023 23:58:00,30626.5
7/12/2023 23:58:00,30382
7/13/2023 23:58:00,31471.8
7/14/2023 23:58:00,30326.3
7/15/2023 23:58:00,30290.7
7/16/2023 23:58:00,30247.6
7/17/2023 23:58:00,30143
7/18/2023 23:58:00,29854
7/19/2023 23:58:00,29938.4
7/20/2023 23:58:00,29798.9
7/21/2023 23:58:00,29912.1
7/22/2023 23:58:00,29795
7/23/2023 23:58:00,30081.6
7/24/2023 23:58:00,29176.9
7/25/2023 23:58:00,29234.9
7/26/2023 23:58:00,29353.2
7/27/2023 23:58:00,29206.8
7/28/2023 23:58:00,29314
7/29/2023 23:58:00,29355.7
7/30/2023 23:58:00,29281.3
7/31/2023 23:58:00,29230.6
8/1/2023 23:58:00,29695.9
8/2/2023 23:58:00,29164.2
8/3/2023 23:58:00,29173.4
8/4/2023 23:58:00,29076.4
8/5/2023 23:58:00,29047.1
8/6/2023 23:58:00,29043
8/7/2023 23:58:00,29175.5
8/8/2023 23:58:00,29758.9
8/9/2023 23:58:00,29574.3
8/10/2023 23:58:00,29426.3
8/11/2023 23:58:00,29401.2
8/12/2023 23:58:00,29416.9
8/13/2023 23:58:00,29275.9
8/14/2023 23:58:00,29405.4
8/15/2023 23:58:00,29165.7
8/16/2023 23:58:00,28700.5
8/17/2023 23:58:00,26627.5
8/18/2023 23:58:00,26048.8
8/19/2023 23:58:00,26096.4
8/20/2023 23:58:00,26181.7
8/21/2023 23:58:00,26113.1
8/22/2023 23:58:00,26042.1
8/23/2023 23:58:00,26427.5
8/24/2023 23:58:00,26163.4
8/25/2023 23:58:00,26049.4
8/26/2023 23:58:00,26009.6
8/27/2023 23:58:00,26090.4
8/28/2023 23:58:00,26112.7
8/29/2023 23:58:00,27721.2
8/30/2023 23:58:00,27302.9
8/31/2023 23:58:00,25924.3
9/1/2023 23:58:00,25811
9/2/2023 23:58:00,25867.8
9/3/2023 23:58:00,25969.8
9/4/2023 23:58:00,25816.1
9/5/2023 23:58:00,25783.9
9/6/2023 23:58:00,25747.6
9/7/2023 23:58:00,26276.3
9/8/2023 23:58:00,25904.6
9/9/2023 23:58:00,25897.8
9/10/2023 23:58:00,25831.7
9/11/2023 23:58:00,25152.1
9/12/2023 23:58:00,25851.2
9/13/2023 23:58:00,26226.3
9/14/2023 23:58:00,26538.8
9/15/2023 23:58:00,26629.5
9/16/2023 23:58:00,26559.7
9/17/2023 23:58:00,26538.6
9/18/2023 23:58:00,26764.4
9/19/2023 23:58:00,27216
9/20/2023 23:58:00,27123.9
9/21/2023 23:58:00,26564.5
9/22/2023 23:58:00,26577.1
9/23/2023 23:58:00,26580.6
9/24/2023 23:58:00,26250.2
9/25/2023 23:58:00,26296
9/26/2023 23:58:00,26208.4
9/27/2023 23:58:00,26357.6
9/28/2023 23:58:00,27027.1
9/29/2023 23:58:00,26907
9/30/2023 23:58:00,26969.3
10/1/2023 23:58:00,27979.6
10/2/2023 23:58:00,27504
10/3/2023 23:58:00,27428.5
10/4/2023 23:58:00,27787.8
10/5/2023 23:58:00,27420.4
10/6/2023 23:58:00,27947.1
10/7/2023 23:58:00,27976.4
10/8/2023 23:58:00,27933.5
10/9/2023 23:58:00,27596.6